Thresh, Prec., Rec., F1, ang. err., a. e. std., Time
125, 0.732407, 0.683665, 0.707197, 0.885619, 0.629854, 840234
