Thresh, Prec., Rec., F1, ang. err., a. e. std., Time
125, 0.858977, 0.624373, 0.723123, 0.895297, 0.628572, 1.18247e+06
