Thresh, Prec., Rec., F1, ang. err., a. e. std.,cent. err, std. c. e., Time
175, 0.789973, 0.755834, 0.772527, 0.894631, 0.627677,2.12741,1.8438, 73.9184
