Thresh, Prec., Rec., F1, ang. err., a. e. std.,cent. err, std. c. e., Time
150, 0.868396, 0.862969, 0.865674, 1.00814, 0.66458,1.39844,0.840373, 111733
