Thresh, Prec., Rec., F1, ang. err., a. e. std.,cent. err, std. c. e., Time
150, 0.855573, 0.839531, 0.847476, 1.0279, 0.690838,1.53653,1.02872, 86055.5
